id,first_name,last_name,email,gender,ip_address
1,Lettie,McIlherran,lmcilherran0@state.tx.us,Female,243.56.51.10
2,Trumann,Diamant,tdiamant1@springer.com,Male,191.82.184.220
3,Swen,Brewin,sbrewin2@delicious.com,Male,133.65.5.172
4,Donny,Drews,ddrews3@boston.com,Male,224.229.169.233
5,Hamid,Cholomin,hcholomin4@rediff.com,Male,248.0.198.144
6,Leif,Reeders,lreeders5@hao123.com,Male,14.184.158.38
7,Retha,Saph,rsaph6@npr.org,Female,41.213.145.129
8,Timoteo,Stanislaw,tstanislaw7@msn.com,Male,226.139.29.173
9,Kitty,Willoughway,kwilloughway8@facebook.com,Female,73.59.242.217
10,Jewell,Lampke,jlampke9@diigo.com,Genderqueer,221.236.82.220
